mu,sigma
0.046025736452868254,0.04677993956391965
