mu,sigma,nu
0.045940397543563334,0.0454428449896391,6.336874408418271
