mu,sigma,nu,Alpha,B1,B2,B3
[0.0],[0.048548072288243246],[4.598289368931068],[0.04263422070309205],[0.9748884438963982],[2.0411920103953434],[3.1548012926690547]
