ES Absolute,ES Diff from Mean
0.07523195598016152,0.12117235352372487
