VaR Absolute,VaR Diff from Mean
0.040778527026154275,0.08747001315843847
