ES Absolute,ES Diff from Mean
0.0746700340929523,0.12061043163651564
