VaR Absolute,VaR Diff from Mean
0.041529615614875136,0.08747001315843847
